Gyroscope_x,Gyroscope_y,Gyroscope_z,Gyroscope_t,Gravity_x,Gravity_y,Gravity_z,Gravity_t,Magnetic_Field_x,Magnetic_Field_y,Magnetic_Field_z,Magnetic_Field_t
-0.20787048, -0.075027466, 0.14141846, 0.0, -1.0964473, 1.1032197, 9.682515, 0.0, -21.733093, -39.918518, 9.466553, 0.0, 
-0.28141785, -0.22991943, -0.008453369, 0.20141602, -0.87781143, 1.2883298, 9.681944, 0.1953125, -21.910095, -39.414978, 9.1796875, 0.20141602, 
-0.2896881, -0.0055999756, -0.20359802, 0.40283203, -0.3576855, 0.9844618, 9.750553, 0.390625, -20.68634, -39.308167, 8.035278, 0.40283203, 
-0.3182373, 0.1098938, 0.014587402, 0.60424805, -0.48998648, 0.41002122, 9.785815, 0.58203125, -19.706726, -39.6286, 5.5862427, 0.60424805, 
0.03692627, 0.53393555, 0.01713562, 0.80566406, -0.71955734, -0.38349113, 9.772695, 0.77734375, -21.266174, -37.20703, 4.536438, 0.80566406, 
1.3148193, 3.9425964, -1.4442139, 1.0070801, -1.5902097, -0.42880303, 9.667355, 0.97265625, -15.7196045, -42.16919, 2.581787, 1.0070801, 
1.0152283, 2.1605072, -4.6056366, 1.2084961, -7.389125, 0.35392493, 6.437854, 1.1640625, 10.137939, -45.895386, 5.2352905, 1.2084961, 
0.7577057, -2.242157, -0.591095, 1.4099121, -7.8248363, -5.8301177, 0.9757285, 1.359375, 22.973633, -37.878418, -0.67596436, 1.4099121, 
0.41529846, 2.6788177, 0.81466675, 1.6113281, -5.0749483, -6.6729956, 5.0878696, 1.5585938, 17.210388, -42.50641, 10.517883, 1.6113281, 
-0.82092285, 1.033905, -0.27890015, 1.8127441, -7.8503647, -5.5123563, 2.0386498, 1.7539063, 13.616943, -44.078064, 10.238647, 1.8127441, 
1.3329163, 1.6847687, -1.4977722, 2.0141602, -7.3529096, -6.315528, -1.4897051, 2.0117188, 22.303772, -37.878418, 12.68158, 2.0141602, 
1.0431976, 1.9603729, -3.9208374, 2.2155762, -5.073958, -8.369368, -0.615645, 2.2070313, 20.269775, -14.086914, 29.789734, 2.2155762, 
-0.20812988, 0.14546204, 0.29925537, 2.4169922, 1.7379843, -9.604191, 0.95357853, 2.3984375, 14.251709, -12.733459, 31.066895, 2.4169922, 
-0.042312622, 0.3121338, 0.10179138, 2.6184082, 1.2205443, -9.713478, 0.5735792, 2.59375, 12.986755, -13.897705, 32.766724, 2.6184082, 
-0.107055664, 0.3695526, -0.023666382, 2.8198242, 1.0362176, -9.735349, 0.56535184, 2.7890625, 10.803223, -14.009094, 33.461, 2.8198242, 
-0.099227905, 0.24725342, -0.21080017, 3.0212402, 1.0858365, -9.737029, 0.42616472, 2.984375, 9.735107, -13.578796, 33.042908, 3.0212402, 
-0.2348175, 0.98994446, -0.47158813, 3.2226563, 1.0702475, -9.656856, -1.3304505, 5.375, 5.873108, -13.084412, 36.940002, 3.2226563, 
-1.0115814, 1.5729828, -0.5015869, 3.4240723, 1.8177307, -9.575948, 1.0804993, 5.5703125, -3.1692505, -17.601013, 39.2334, 3.4240723, 
-1.9451904, 3.0862122, 1.4292908, 3.6254883, 1.1359513, -9.286967, -2.9380672, 5.7617188, -32.32727, -31.845093, 40.37323, 3.6254883, 
-2.2207794, 2.3376617, 0.86668396, 3.8269043, 1.8648394, -6.9510393, -6.6615176, 5.9570313, -44.49005, -27.366638, -3.1707764, 3.8269043, 
1.2230377, -0.29048157, 0.42362976, 4.0283203, 0.93585336, -9.029045, -3.7109165, 6.2148438, -39.439392, -24.85962, -2.2125244, 4.0283203, 
2.1169128, -0.385437, -0.16880798, 4.2297363, 0.93512535, -9.76034, 0.1780399, 6.4101563, -42.826843, -25.636292, 5.0994873, 4.2297363, 
1.1992798, -0.3914032, -0.09916687, 4.4311523, 1.3730264, -9.669658, 0.8848175, 6.6054688, -42.47284, -23.38562, 12.60376, 4.4311523, 
-2.5937653, -0.23797607, 0.55752563, 4.6325684, 0.5258447, -8.772445, -4.351791, 6.796875, -40.20233, -25.309753, 9.912109, 4.6325684, 
-2.470459, 1.1835785, 0.47756958, 4.8339844, 1.3675766, -8.334448, -4.9836826, 6.9921875, -41.841125, -25.662231, -2.4627686, 4.8339844, 
1.3240051, -0.59477234, 0.33106995, 5.0354004, 1.2274119, -9.532877, 1.9463071, 7.5742188, -39.616394, -27.236938, -1.7333984, 5.0354004, 
2.3705597, -1.68396, -0.23843384, 5.2368164, -0.14442936, -9.220299, -3.3370073, 8.348082, -44.0567, -21.455383, 12.3550415, 5.2368164, 
0.9999237, -1.036972, -0.32281494, 5.4382324, -0.017579587, -8.736226, -4.4551587, 8.543394, -37.23297, -20.420837, 23.698425, 5.4382324, 
-3.035431, 0.03276062, 0.5730133, 5.6396484, -1.0094063, -9.741799, -0.4988456, 8.801207, -38.05237, -27.868652, 19.215393, 5.6396484, 
-0.91485596, 1.5274963, 0.500412, 5.8410645, 0.28166625, -9.214257, 3.3449242, 8.996519, -40.03601, -30.169678, 2.9083252, 5.8410645, 
1.2910156, -0.66477966, 0.46170044, 6.0424805, 0.110340364, -9.729308, 1.2242447, 9.187925, -41.0614, -29.351807, 5.290222, 6.0424805, 
2.1068115, -1.4149933, -0.16290283, 6.2438965, -0.81451124, -8.731372, -4.389772, 9.383238, -39.030457, -24.136353, 19.848633, 6.2438965, 
0.20701599, -0.52001953, -0.16899109, 6.4453125, -1.0086716, -8.896313, -4.0010724, 9.57855, -34.93042, -22.25647, 27.337646, 6.4453125, 
-3.1735535, 0.9619751, 0.8598633, 6.6467285, -1.6306775, -9.642784, 0.7266342, 9.773863, -38.024902, -31.175232, 13.33313, 6.6467285, 
0.36351013, 1.1742706, 0.4434204, 6.8481445, 0.19228423, -8.770967, 4.3821874, 9.965269, -37.521362, -30.671692, -2.4673462, 6.8481445, 
1.5710602, -0.61491394, 0.39453125, 7.0495605, 0.018183902, -9.622207, 1.8929365, 10.160582, -40.47699, -26.571655, 3.9550781, 7.0495605, 
1.8138123, -1.3200989, -0.1645813, 7.2509766, 0.05930296, -9.00118, -3.8917396, 10.3598, -39.1037, -22.409058, 18.475342, 7.2509766, 
-0.66378784, -0.40805054, 0.22103882, 7.4523926, -0.33306372, -9.451482, -2.594022, 10.555113, -34.283447, -21.18988, 24.029541, 7.4523926, 
-2.9551697, -0.20080566, 0.58628845, 7.6538086, -0.71438056, -9.675727, 1.4284086, 10.746519, -35.868835, -27.960205, 13.25531, 7.6538086, 
0.45437622, 0.035003662, 0.30392456, 8.437681, 1.4381242, -8.482108, 4.707018, 11.004332, -34.672546, -29.164124, 11.051941, 8.437681, 
2.018158, -1.1289368, 0.24719238, 8.639097, 0.341795, -9.775669, -0.6998904, 11.199644, -34.13391, -23.098755, 17.727661, 8.639097, 
1.8669739, -1.5084991, -0.31976318, 8.840513, 1.537615, -8.731654, -4.190984, 11.394957, -24.11499, -11.569214, 30.599976, 8.840513, 
-1.6912384, -0.6604614, 0.6954346, 9.041929, 0.75065154, -9.439401, -2.5504172, 11.586363, -18.249512, -11.399841, 32.22809, 9.041929, 
-2.8457336, -0.21322632, 0.20425415, 9.243345, 0.4899209, -9.603892, 1.9223971, 11.781675, -19.708252, -29.734802, 24.94812, 9.243345, 
0.8000183, -0.32910156, 0.49539185, 9.444761, 1.7515662, -8.875274, 3.7857528, 11.976988, -20.428467, -27.452087, 23.010254, 9.444761, 
2.7513428, -1.6443634, 0.16401672, 9.646177, 0.71712965, -9.605306, -1.8423377, 12.168394, -14.228821, -16.093445, 27.667236, 9.646177, 
1.5352173, -1.3800049, -0.36270142, 9.847593, 2.0193813, -8.299803, -4.817236, 12.363707, 0.31280518, -3.781128, 27.723694, 9.847593, 
-2.5869446, 0.0382843, 0.5739441, 10.049009, 1.3302183, -9.337166, -2.68668, 12.555113, 5.04303, -12.908936, 28.155518, 10.049009, 
-1.9539337, 1.0198822, 0.07122803, 10.250425, 1.651382, -9.20217, 2.9603033, 12.816832, 2.330017, -31.809998, 25.564575, 10.250425, 
1.2030334, -0.61776733, 0.49893188, 10.451841, 1.9591955, -9.414661, 1.9225214, 13.008238, -2.1957397, -27.119446, 30.177307, 10.451841, 
2.5634155, -1.2525024, -0.060806274, 10.653257, 1.6159114, -8.328847, -4.9182854, 13.20355, 2.697754, -10.562134, 31.088257, 10.653257, 
1.085144, -1.2622375, -0.20040894, 10.854673, 2.689759, -8.471113, -4.1443734, 13.398862, 9.515381, -1.9500732, 25.282288, 10.854673, 
-3.5261536, 1.4680634, 0.71121216, 11.056089, 1.995815, -9.440617, -1.7498169, 13.590268, 9.065247, -14.816284, 27.630615, 11.056089, 
-1.142334, 1.4945679, 0.05418396, 11.257505, 2.7269475, -9.197703, 2.0338156, 13.848081, 0.015258789, -29.666138, 27.830505, 11.257505, 
1.0826111, -0.38801575, 0.6155853, 11.458921, 1.9950491, -9.394589, -1.9828936, 14.043393, -1.3320923, -21.357727, 32.121277, 11.458921, 
2.4876862, -1.2684784, -0.06976318, 11.660337, 2.917334, -7.0920525, -6.1124744, 14.238706, 6.2164307, -7.043457, 32.554626, 11.660337, 
0.17822266, -0.7012329, -0.12635803, 11.861753, 2.8899364, -8.2987585, -4.353076, 14.434018, 9.588623, -0.5722046, 25.3479, 11.861753, 
-3.7085419, 1.320343, 0.69374084, 12.0631695, 1.7979082, -9.562113, -1.2263393, 14.629331, 4.4891357, -20.533752, 28.173828, 12.0631695, 
0.009002686, 0.732254, 0.2733612, 12.2645855, 2.3643208, -9.408659, 1.4344046, 14.820737, -6.0165405, -30.337524, 30.436707, 12.2645855, 
1.6699982, -0.24632263, 0.29216003, 12.4660015, 1.6505107, -9.3349285, -2.5110362, 15.012143, -4.5562744, -23.6557, 33.79669, 12.4660015, 
2.2906494, -1.297821, -0.1938324, 12.667418, 2.6658661, -7.0094867, -6.31907, 15.207456, 4.9224854, -7.331848, 34.84955, 12.667418, 
-1.2507629, -0.288208, 0.22210693, 12.868834, 2.5916014, -8.463534, -4.2216797, 15.402768, 9.735107, -5.5358887, 32.06482, 12.868834, 
-3.7021484, 1.435852, 0.49638367, 13.07025, 1.9716244, -9.60515, -0.15545972, 15.660581, 1.8005371, -33.06122, 26.960754, 13.07025, 
1.0267487, 0.17567444, 0.095214844, 13.271666, 2.260405, -9.496916, 0.9324941, 15.851987, -1.0498047, -32.725525, 30.06134, 13.271666, 
1.9813843, -1.1400757, 0.11355591, 13.473081, 1.14941, -8.425033, -4.885495, 16.047298, -1.020813, -24.377441, 30.323792, 13.473081, 
1.741684, -1.2754211, -0.36428833, 13.674497, 3.345884, -7.075424, -5.908792, 16.24261, 7.723999, -8.329773, 28.591919, 13.674497, 
-2.3574066, 0.009292603, 0.456604, 13.875913, 2.513954, -8.421721, -4.3502917, 16.434017, 9.065247, -12.573242, 28.482056, 13.875913, 
-2.6784515, 1.6153564, 0.38536072, 14.077329, 1.9292557, -9.562628, -1.0022539, 16.62933, 1.8173218, -31.05011, 26.731873, 14.077329, 
1.21315, -0.26731873, 0.22125244, 14.278745, 2.1284935, -9.561281, 0.47096318, 16.824642, -2.5115967, -26.701355, 29.811096, 14.278745, 
2.352356, -1.833435, 0.10749817, 14.480161, 1.6419693, -8.216385, -5.0956206, 17.016048, 0.18310547, -16.093445, 33.857727, 14.480161, 
1.3318634, -0.890213, -0.30706787, 14.681577, 3.6938655, -6.8531175, -5.9632645, 17.21136, 9.597778, -2.0233154, 26.445007, 14.681577, 
-3.1201935, 0.50579834, 0.55996704, 14.882993, 2.6738756, -8.328018, -4.434511, 17.406673, 10.070801, -15.589905, 31.413269, 14.882993, 
-1.3645782, 1.6859894, 0.3677063, 15.084409, 2.076351, -9.490265, -1.3394127, 17.59808, 1.6174316, -34.265137, 26.681519, 15.084409, 
1.5069885, -1.0560455, 0.021453857, 15.285825, 2.2963133, -9.530684, -0.25177276, 17.793392, -1.2756348, -27.270508, 30.355835, 15.285825, 
2.1011963, -1.571991, -0.114852905, 15.487241, 1.8489819, -8.076138, -5.2466803, 18.051205, 6.3842773, -11.567688, 30.110168, 15.487241, 
0.59072876, -0.50123596, -0.16304016, 15.688657, 2.7102566, -7.9160614, -5.114769, 18.246517, 10.131836, -4.450989, 24.787903, 15.688657, 
-3.6295013, 0.59732056, 0.8221283, 15.890073, 1.89763, -8.552786, -4.406728, 18.437923, 7.676697, -20.547485, 27.63977, 15.890073, 
-0.3000183, 1.6273499, 0.11038208, 16.091488, 0.99116844, -9.237266, -3.1402078, 18.633236, -2.1621704, -32.514954, 27.342224, 16.091488, 
1.2971344, -1.114151, -0.027694702, 16.292904, 0.9638193, -9.209173, -3.2299495, 18.828548, 0.17547607, -26.58081, 30.639648, 16.292904, 
2.0016785, -1.3409882, -0.057495117, 16.49432, 0.23872566, -8.618038, -4.67363, 19.019955, 5.7296753, -11.585999, 30.12085, 16.49432, 
0.11605835, -0.51768494, -0.043060303, 16.695736, -0.33234525, -9.496367, -2.4246516, 19.215267, 11.962891, -4.748535, 26.036072, 16.695736, 
-3.7937164, 1.4001923, 0.60269165, 16.897152, -0.71165526, -9.75257, 0.7424996, 19.406673, 9.342957, -25.701904, 28.536987, 16.897152, 
0.29447937, 0.67077637, 0.31581116, 17.098568, -0.7768464, -9.613299, 1.77521, 19.601986, -0.48675537, -32.850647, 28.318787, 17.098568, 
1.4734955, -0.66996765, -0.09979248, 17.299984, -0.6451942, -9.503766, 2.3307812, 19.797298, 3.8909912, -26.295471, 32.16858, 17.299984, 
1.7353668, -1.475296, -0.13609314, 17.5014, -0.07695368, -9.764142, -0.9088486, 20.05511, 13.687134, -12.90741, 30.334473, 17.5014, 
-0.36787415, -0.53219604, -0.21392822, 17.702816, 0.19226043, -8.1059885, -5.5160108, 20.250423, 21.298218, -10.395813, 24.734497, 17.702816, 
-2.7174835, 0.3113556, 0.458786, 17.904232, 0.56887287, -8.840915, -4.2053523, 20.44183, 17.866516, -28.163147, 26.429749, 17.904232, 
0.6175842, 0.67160034, 0.15298462, 18.105648, 0.5717253, -9.639305, -1.7109376, 20.637142, 13.589478, -32.514954, 25.061035, 18.105648, 
0.4562683, -1.1004181, -0.19715881, 18.307064, 0.7761824, -9.714165, 1.0967857, 20.828548, 17.601013, -27.374268, 24.501038, 18.307064, 
0.93515015, -2.486847, -0.43452454, 18.50848, 0.8214514, -9.765082, 0.3725133, 21.02386, 27.297974, -19.880676, 17.601013, 18.50848, 
-0.2589264, -1.9036255, -0.71543884, 18.709896, 1.3596834, -7.417163, -6.269557, 21.219173, 31.018066, -15.087891, 3.2333374, 18.709896, 
-0.40322876, -2.5737915, -0.30220032, 18.911312, 2.845873, -7.1932864, -6.027273, 21.414486, 27.833557, -9.222412, -13.388062, 18.911312, 
1.8714294, -1.862854, -0.52182007, 19.112728, 1.1183302, -8.808146, -4.163687, 21.605892, 17.30957, -13.61084, -27.552795, 19.112728, 
1.0527344, -1.2883759, 0.25437927, 19.314144, 0.90757954, -9.733011, 0.78432804, 21.863705, 6.552124, -25.141907, -31.298828, 19.314144, 
0.35931396, -0.42866516, 0.13800049, 19.51556, 0.6330262, -9.609225, -1.852687, 22.062923, 6.021118, -26.023865, -30.18341, 19.51556, 
0.21990967, -0.46141052, -0.06413269, 19.716976, 1.8449465, -7.4956317, -6.048311, 22.250423, 1.1886597, -29.833984, -31.298828, 19.716976, 
-2.1914368, 0.39137268, 0.02798462, 19.918392, 2.0365183, -8.286966, -4.832098, 22.445736, 2.2369385, -17.81311, -33.862305, 19.918392, 
-2.009262, 2.079071, 0.71061707, 20.119808, 1.2704481, -9.6058035, -1.5115848, 22.641048, 16.548157, -0.6210327, -26.358032, 20.119808, 
1.1061859, 0.1436615, 0.3322296, 20.321224, 1.5280309, -9.551329, 1.6148138, 22.832455, 22.471619, -4.5303345, -22.340393, 20.321224, 
1.5369873, -0.0115356445, -0.30218506, 20.52264, 1.4121276, -9.687064, -0.5805859, 23.027767, 18.449402, -10.520935, -26.249695, 20.52264, 
1.3669891, 0.37434387, -0.09603882, 20.724056, 2.0673056, -7.9029193, -5.42591, 23.219173, 20.036316, -17.744446, -23.075867, 20.724056, 
-2.3354034, 1.0687561, 0.3199768, 20.925472, 2.4250994, -8.608569, -4.0226626, 23.414486, 24.482727, -9.55658, -23.316956, 20.925472, 
-3.2251282, 2.2953644, 0.4950714, 21.126888, 1.6466329, -9.583276, -1.2727197, 23.60981, 33.70819, -7.6202393, 4.7821045, 21.126888, 
1.0047607, 0.10241699, 0.42668152, 21.328304, 1.7870708, -9.523981, 1.5068387, 23.801216, 31.352234, -10.395813, 11.378479, 21.328304, 
2.2461548, -1.4724579, 0.26789856, 21.52972, 1.8763512, -9.621034, -0.29224816, 23.996529, 28.573608, -11.520386, 2.0568848, 21.52972, 
1.6582794, -0.73561096, -0.027420044, 21.731136, 2.894412, -7.7155676, -5.3162756, 24.254341, 27.890015, -12.908936, -5.4000854, 21.731136, 
-2.4085236, 1.0204468, 0.4229126, 21.932552, 3.0546837, -8.814142, -3.0249298, 24.449654, 29.676819, -12.4053955, -5.5618286, 21.932552, 
-2.0431824, 1.6323853, 0.12475586, 22.133968, 2.4015098, -9.505733, -0.21020776, 24.64106, 30.699158, -14.065552, 6.916809, 22.133968, 
0.8179779, 0.097839355, 0.44921875, 22.335384, 2.665598, -9.144187, 2.3342726, 24.836372, 28.952026, -12.12616, 12.522888, 22.335384, 
2.4823914, -1.1781006, -0.025466919, 22.5368, 2.1345649, -9.472346, -1.3742917, 25.031685, 30.85022, -10.227966, 3.0700684, 22.5368, 
1.3039551, -0.7128906, -0.10496521, 22.738216, 3.4139614, -7.629399, -5.1290865, 25.226997, 29.896545, -10.61554, -4.1885376, 22.738216, 
-2.917633, 1.0094452, 0.34449768, 22.939632, 3.3201141, -8.614996, -3.3059144, 25.418404, 30.682373, -10.395813, -0.34942627, 22.939632, 
-1.5437317, 1.8963776, 0.25764465, 23.141048, 2.894626, -9.36328, -0.3471581, 25.613716, 29.437256, -16.809082, 10.450745, 23.141048, 
1.078659, -0.49272156, 0.40774536, 23.342464, 3.2431533, -8.976741, 2.2517684, 25.805122, 28.36914, -14.585876, 14.0182495, 23.342464, 
2.1396027, -1.0718994, 0.067214966, 23.543892, 2.854817, -9.2649975, -1.4765588, 26.000435, 31.185913, -12.573242, 6.980896, 23.543892, 
0.7352905, -0.4381714, -0.2613678, 23.745308, 4.0437202, -8.130983, -3.7021365, 26.258247, 33.88672, -10.124207, 0.9536743, 23.745308, 
-3.2531433, 1.2095642, 0.3613739, 23.946724, 3.487104, -8.848306, -2.3912318, 26.45356, 31.167603, -15.878296, 8.227539, 23.946724, 
-0.50834656, 1.7349243, 0.45947266, 24.14814, 2.858123, -9.374626, 0.34336236, 26.644966, 24.423218, -25.602722, 20.932007, 24.14814, 
1.5324707, -0.62561035, -0.08035278, 24.349556, 3.5488338, -8.96285, 1.8009719, 26.840279, 24.874878, -22.080994, 22.02301, 24.349556, 
1.7465057, -0.8313904, 0.16621399, 24.550972, 2.2918208, -9.028379, -3.0669699, 27.035591, 25.488281, -15.589905, 19.685364, 24.550972, 
0.6159973, -0.33940125, -0.16404724, 24.752388, 3.0336218, -7.628121, -5.3646336, 27.226997, 27.508545, -10.60791, 16.511536, 24.752388, 
-3.8550415, 1.6946259, 0.8400574, 24.953804, 1.7694769, -8.628922, -4.310573, 27.42231, 25.654602, -24.97406, 17.079163, 24.953804, 
-0.38127136, 1.7324371, 0.25006104, 25.15522, 0.667472, -9.781705, -0.20763248, 27.613716, 17.108154, -31.343079, 21.315002, 25.15522, 
1.5209198, -1.0104065, -0.08023071, 25.356636, 1.319975, -9.64862, 1.1542088, 27.809029, 15.814209, -28.556824, 20.472717, 25.356636, 
2.1077118, -0.96406555, 0.013290405, 25.558052, 0.8719295, -8.037716, -5.5502486, 28.066841, 20.010376, -18.603516, 19.40918, 25.558052, 
-0.2935791, -0.6731415, -0.01927185, 25.759468, 1.9875649, -7.6459045, -5.810346, 28.262154, 20.796204, -15.589905, 13.821411, 25.759468, 
-3.3164063, 1.8748779, 0.50193787, 25.960884, 0.50173205, -9.245838, -3.230035, 28.45356, 17.893982, -24.56665, 14.666748, 25.960884, 
0.4426117, 0.549881, 0.21472168, 26.1623, 0.78963363, -9.74754, 0.72960466, 28.648872, 12.919617, -26.14746, 17.893982, 26.1623, 
1.4105072, -0.93377686, 0.20388794, 26.363716, 1.2357923, -9.684448, 0.92448556, 28.840279, 15.182495, -23.719788, 16.011047, 26.363716, 
1.973999, -1.8351746, -0.13235474, 26.565132, 1.3902757, -8.299786, -5.0349846, 29.035591, 20.46051, -16.998291, 9.718323, 26.565132, 
-0.600235, -0.6053467, 0.13563538, 26.766548, 2.532872, -7.8412094, -5.3169904, 29.230904, 21.633911, -13.076782, 4.211426, 26.766548, 
-2.9912262, -0.36616516, 0.25979614, 26.967964, 2.2693386, -8.887536, -3.4687452, 29.42231, 19.79065, -20.166016, 2.532959, 26.967964, 
0.70118713, -0.48094177, 0.20747375, 27.16938, 2.359086, -9.517271, -0.16323774, 29.617622, 19.696045, -20.021057, 6.828308, 27.16938, 
1.708313, -1.2557831, 0.51841736, 27.370796, 3.1051352, -9.298873, 0.24387528, 29.809029, 19.848633, -21.246338, 0.7019043, 27.370796, 
1.586441, -3.0139008, -0.28959656, 27.572212, 3.0064752, -8.5131035, -3.8286507, 30.004341, 15.267944, -23.90747, -14.468384, 27.572212, 
-1.8996887, -1.1986237, 0.40748596, 27.773628, 3.9450908, -8.418838, -3.1192665, 30.199654, 8.561707, -23.466492, -21.852112, 27.773628, 
-2.6856384, 0.93992615, -0.3095398, 27.975044, 4.051575, -8.7585945, -1.7441726, 30.39106, 7.13501, -6.651306, -25.51117, 27.975044, 
1.1822052, -1.1652374, -0.24928284, 28.17646, 3.4398046, -8.968895, 1.9740995, 30.648872, 5.89447, -7.8689575, -26.641846, 28.17646, 
2.7456512, -2.1952667, 0.31352234, 28.377876, 3.358539, -9.2135515, -0.032620996, 30.844185, -4.508972, -18.103027, -29.019165, 28.377876, 
1.3461914, -1.5463104, -0.5497284, 28.579292, 2.7917526, -8.773754, -3.3760538, 31.039497, -18.71643, -28.573608, -21.147156, 28.579292, 
-2.3937836, -0.10520935, 0.45222473, 28.780708, 2.6949124, -9.248335, -1.8374265, 31.230904, -20.76416, -26.985168, -21.362305, 28.780708, 
-2.354416, 1.4213867, -0.21585083, 28.982124, 2.1562445, -9.565846, 0.12484172, 31.426216, -14.6484375, -12.104797, -30.223083, 28.982124, 
0.9766388, 0.06742859, 0.26382446, 29.18354, 2.3582685, -9.138401, 2.664318, 31.617622, -8.935547, -18.22815, -32.962036, 29.18354, 
2.2536469, -0.9325714, -0.21577454, 29.384956, 2.2976375, -9.406191, 1.5539695, 31.812935, -17.57965, -29.833984, -30.322266, 29.384956, 
1.0863647, -0.86787415, -0.35671997, 29.586372, 2.1776855, -8.395203, -4.5769696, 32.008247, -21.618652, -40.223694, -22.486877, 29.586372, 
-2.8015747, 1.8460236, 0.24247742, 29.787788, 2.8983805, -8.706504, -3.4592724, 32.199654, -14.463806, -28.66211, -37.32605, 29.787788, 
-1.7400513, 3.2552643, 1.0923004, 29.989204, 2.1624742, -9.5328, -0.7872891, 32.457466, 8.561707, -4.6966553, -33.90503, 29.989204, 
0.94010925, 0.21322632, -0.01399231, 30.19062, 2.2270014, -9.39706, 1.7047316, 32.65278, 17.555237, -7.7209473, -30.342102, 30.19062, 
1.6668854, -0.18675232, 0.30471802, 30.392036, 1.6500928, -9.385657, -2.3145242, 32.844185, 16.438293, -16.931152, -29.832458, 30.392036, 
0.39093018, 0.28131104, -0.19676208, 30.593452, 3.3116798, -7.697763, -5.093879, 33.039497, 15.600586, -24.05243, -26.737976, 30.593452, 
-2.8929138, 2.216751, 0.8385925, 30.794868, 3.4658713, -8.808709, -2.5621793, 33.23481, 23.336792, -12.013245, -20.283508, 30.794868, 
-0.49745178, 2.1328278, 0.6830902, 30.996284, 3.1859605, -9.274601, -0.042549826, 33.426216, 30.348206, -11.735535, 1.2786865, 30.996284, 
1.1061249, -0.73757935, 0.2672119, 31.1977, 2.8123412, -9.194865, 1.9275819, 33.62153, 28.367615, -11.827087, -0.6652832, 31.1977, 
1.7099915, -1.178772, 0.021057129, 31.399117, 2.6115735, -9.439599, -0.494002, 33.81684, 27.313232, -14.971924, -6.880188, 31.399117, 
0.46865845, -0.5861511, -0.041152954, 31.600533, 3.191158, -8.56932, -3.5431159, 34.008247, 26.99585, -17.097473, -11.752319, 31.600533, 
-3.813324, 1.03125, 0.6410217, 31.801949, 3.076975, -9.200615, -1.4322361, 34.26606, 28.82843, -12.228394, -8.076477, 31.801949, 
-0.055541992, 1.4745026, 0.1958313, 32.003365, 2.4548738, -9.494344, -0.037762504, 34.461372, 26.325989, -12.071228, 6.491089, 32.003365, 
1.2275085, -0.97465515, -0.14555359, 32.20478, 2.316744, -9.5255785, 0.25775734, 34.65278, 27.397156, -9.909058, 5.368042, 32.20478, 
1.7150574, -0.6167755, 0.17327881, 32.406197, 2.1556761, -9.560068, 0.35853842, 34.84809, 25.798035, -8.551025, 1.0925293, 32.406197, 
-0.74539185, -0.26400757, 0.027053833, 32.607613, 2.1047711, -9.570794, 0.37446, 35.043404, 26.493835, -8.551025, -1.8157959, 32.607613, 
-3.155136, 2.132843, 0.60147095, 32.80903, 2.0898712, -9.574984, 0.3500166, 35.23481, 25.697327, -15.402222, 9.953308, 32.80903, 
0.86950684, 1.4039764, 0.12019348, 33.010445, 2.004714, -9.59937, 0.06001537, 35.430122, 20.794678, -17.60254, 19.750977, 33.010445, 
1.2653046, -0.41880798, -0.05999756, 33.21186, 1.9000493, -9.618531, -0.20988023, 35.62153, 22.103882, -14.343262, 17.05017, 33.21186, 
1.3403168, 0.061019897, 0.21461487, 33.413277, 1.9101812, -9.611927, -0.3639486, 35.81684, 21.162415, -11.453247, 19.288635, 33.413277, 
-0.75390625, 0.042312622, 0.03845215, 33.614693, 1.8920794, -9.610552, -0.47720155, 36.012154, 21.968079, -11.399841, 17.567444, 33.614693, 
-2.5493164, 1.3574066, 0.102005005, 33.81611, 1.8145232, -9.621975, -0.5435873, 36.20356, 16.671753, -23.451233, 24.279785, 33.81611, 
0.70381165, 1.3281555, 0.81074524, 34.017525, 1.7536362, -9.636301, -0.48668167, 36.398872, 4.6966553, -25.068665, 32.80945, 34.017525, 
0.24633789, 0.9483948, 0.057891846, 34.21894, 1.6918557, -9.649584, -0.43993327, 36.594185, -2.6657104, -23.634338, 34.34601, 34.21894, 
0.33836365, 0.14761353, 0.09944153, 34.420357, 1.6301323, -9.663491, -0.3605286, 36.851997, -3.9108276, -17.932129, 33.877563, 34.420357, 
0.067840576, 0.13635254, 0.0854187, 34.621773, 1.6211078, -9.667097, -0.29938337, 37.043404, -4.9453735, -18.908691, 35.71472, 34.621773, 
0.035217285, 0.0602417, 0.0098724365, 34.82319, 1.6118209, -9.668701, -0.29772547, 37.238716, -5.1864624, -17.453003, 34.18579, 34.82319, 
0.009109497, 0.0067749023, -0.0049438477, 35.024605, 1.6021385, -9.670235, -0.3001763, 37.430122, -5.381775, -17.356873, 34.61151, 35.024605, 
-0.038757324, 0.07511902, -0.026947021, 35.22602, 1.5952111, -9.671071, -0.30997458, 37.625435, -4.3411255, -18.94226, 35.64911, 35.22602, 
-0.033325195, 0.014678955, -0.02180481, 35.427437, 1.604685, -9.6691065, -0.32210848, 37.820747, -6.588745, -18.222046, 35.502625, 35.427437, 
-0.033233643, -0.0011291504, -0.023376465, 35.628853, 1.6245927, -9.665749, -0.32309955, 38.012154, -5.6884766, -18.391418, 34.458923, 35.628853, 
-0.007598877, 0.010513306, -0.019332886, 35.83027, 1.6299162, -9.664643, -0.32929337, 38.207466, -6.0165405, -18.94226, 33.36792, 35.83027, 
0.04777527, -0.100128174, 0.012969971, 36.031685, 1.6306164, -9.663908, -0.3469273, 38.40278, -6.628418, -18.624878, 34.620667, 36.031685, 
0.060516357, -0.03375244, 0.01423645, 36.2331, 1.6277289, -9.664627, -0.34039173, 38.66059, -5.3466797, -18.270874, 32.71637, 36.2331, 
0.042373657, -0.028656006, 0.02357483, 36.434517, 1.626133, -9.664374, -0.35490897, 38.851997, -5.1589966, -17.341614, 33.694458, 36.434517, 
0.03390503, -0.044128418, 0.013916016, 36.635933, 1.6278638, -9.663826, -0.3618097, 39.04731, -3.6026, -17.510986, 34.950256, 36.635933, 
0.020477295, 0.007522583, 0.0031738281, 36.83735, 1.6284412, -9.662911, -0.3830292, 39.238716, -4.173279, -17.76886, 34.83429, 36.83735, 
0.013214111, 0.0010986328, 0.0022735596, 37.038765, 1.6259458, -9.663167, -0.38715065, 39.43403, -3.956604, -16.54663, 34.477234, 37.038765, 
0.0043029785, -0.0031280518, 0.0013885498, 37.24018, 1.6209133, -9.663574, -0.39794853, 39.62934, -4.5913696, -17.658997, 34.136963, 37.24018, 
-0.0037384033, -0.0036010742, 6.1035156E-5, 37.441597, 1.6208264, -9.66301, -0.41175807, 39.820747, -4.8446655, -17.76886, 35.160828, 37.441597, 
-0.0061187744, -0.0025482178, -0.0017852783, 37.643013, 1.7232506, -9.635104, -0.6046173, 41.437935, -3.8391113, -15.771484, 33.87451, 37.643013, 
-0.0021514893, 0.0071258545, -0.0045928955, 37.84443, 1.7850504, -9.625334, -0.58044875, 41.62934, -4.173279, -17.097473, 34.83429, 37.84443, 
-0.0041046143, -0.0032806396, -9.0026855E-4, 38.045845, 1.7916232, -9.625428, -0.55821073, 41.824654, -3.5598755, -17.32788, 35.520935, 38.045845, 
-5.493164E-4, -0.0082092285, 0.0026550293, 38.24726, 1.7798808, -9.626839, -0.57130116, 42.01606, -4.122925, -15.852356, 33.439636, 38.24726, 
-0.0017852783, -6.1035156E-4, 0.0022125244, 38.448677, 1.7331446, -9.637889, -0.52696776, 42.211372, -2.8335571, -16.093445, 33.857727, 38.448677, 
-0.0049591064, -0.0025939941, 8.087158E-4, 38.650093, 1.7077048, -9.646198, -0.45275602, 42.406685, -4.0481567, -17.475891, 33.328247, 38.650093, 
-0.0077667236, 0.0029907227, 0.0032196045, 38.85151, 1.6902591, -9.650807, -0.41872823, 42.59809, -3.1173706, -17.675781, 34.744263, 38.85151, 
-0.008361816, -0.0027313232, 0.0011749268, 39.052925, 1.6995851, -9.649256, -0.41672158, 42.855904, -3.503418, -18.43872, 33.206177, 39.052925, 
-0.0061798096, 0.011779785, 0.0016937256, 39.25434, 1.6979867, -9.649069, -0.42744315, 42.98481, -3.9764404, -16.873169, 34.884644, 39.25434, 
-0.0066223145, 0.0027160645, 0.0027618408, 39.455757, 1.7246819, -9.641544, -0.4862859, 43.24653, -3.503418, -16.427612, 33.53119, 39.455757, 
-0.005065918, -0.003616333, 0.0040283203, 39.657173, 1.7336237, -9.637608, -0.5305323, 43.437935, -4.2999268, -16.722107, 33.83789, 39.657173, 
-0.00894165, -0.008926392, 0.0029144287, 39.85859, 1.748447, -9.632906, -0.56607836, 43.633247, -3.6254883, -17.070007, 34.39026, 39.85859, 
-0.013839722, -0.008956909, 0.0024261475, 40.060005, 1.761437, -9.628154, -0.60528946, 43.824654, -2.330017, -17.601013, 33.36792, 40.060005, 
-0.018508911, -0.00340271, -6.1035156E-4, 40.26142, 1.7646205, -9.6256695, -0.6348107, 44.019966, -3.8742065, -17.30194, 34.231567, 40.26142, 
-0.020446777, 0.0046081543, -0.0024871826, 40.462837, 1.7728347, -9.621523, -0.67360216, 44.208477, -5.3878784, -17.097473, 34.05304, 40.462837, 
-0.022460938, 0.0023498535, -0.004699707, 40.664253, 1.7861147, -9.617105, -0.70106226, 44.399883, -3.6346436, -17.95044, 35.466003, 40.664253, 
-0.016464233, 0.021972656, -0.0124053955, 40.86567, 1.7762537, -9.6144, -0.7606782, 44.595196, -3.503418, -18.354797, 34.428406, 40.86567, 
-0.0055389404, -0.024047852, -0.022705078, 41.067085, 1.7683495, -9.608486, -0.84872717, 44.85301, -3.8391113, -18.43872, 35.48584, 41.067085, 
-7.324219E-4, -0.0038757324, -0.014450073, 41.2685, 1.7784063, -9.600268, -0.91788167, 45.04832, -2.9525757, -18.399048, 34.43451, 41.2685, 
0.0028381348, -0.03504944, -0.013397217, 41.469917, 1.7950072, -9.593247, -0.9580872, 45.239727, -3.2485962, -18.661499, 33.73108, 41.469917, 
0.033050537, -0.097335815, -0.011276245, 41.671333, 1.8136322, -9.58506, -1.0038692, 45.43504, -2.4978638, -17.433167, 34.83429, 41.671333, 
0.03526306, -0.049041748, 0.005004883, 41.87275, 1.8622129, -9.570665, -1.0511513, 45.626446, -2.1209717, -19.067383, 34.387207, 41.87275, 
0.04020691, -0.07092285, 0.01689148, 42.074165, 1.7986643, -9.581064, -1.0669633, 45.82176, -2.1820068, -18.084717, 34.529114, 42.074165, 
0.023147583, -0.030471802, 0.0082092285, 42.27558, 0.8045086, -9.772949, 0.11232706, 50.794415, -1.3244629, -17.26532, 31.413269, 42.27558, 
0.0053710938, -0.008422852, 0.005264282, 42.476997, 0.8008368, -9.773447, 0.09371936, 50.993633, -1.7272949, -17.26532, 33.2901, 42.476997, 
-0.013763428, 0.018234253, -7.6293945E-4, 42.678413, 0.80974245, -9.772794, 0.08488752, 51.18504, -2.4978638, -17.433167, 35.812378, 42.678413, 
-0.02255249, 0.013137817, -0.0022888184, 42.87983, 0.82979727, -9.771349, 0.05063565, 51.380352, -0.9902954, -18.289185, 33.36792, 42.87983, 
-0.023483276, 0.0033416748, -0.004119873, 43.081245, 0.82423073, -9.771946, -0.010325799, 51.638165, -1.4511108, -17.015076, 34.916687, 43.081245, 
-0.028076172, -0.008834839, -0.003921509, 43.28266, 0.8017025, -9.773792, -0.025203101, 51.833477, -1.4923096, -18.103027, 34.18274, 43.28266, 
-0.017562866, -0.0076446533, -0.008743286, 43.484077, 0.7582552, -9.777244, -0.030821873, 52.02879, -1.1993408, -17.098999, 33.572388, 43.484077, 
-0.016540527, -0.010879517, -0.0017700195, 43.685493, 0.53957087, -9.791752, -0.029084453, 52.220196, -0.5508423, -18.093872, 33.53119, 43.685493, 
-0.02003479, 0.0069885254, 2.746582E-4, 43.88691, 0.41287568, -9.797865, 0.04194277, 52.41551, -2.2842407, -18.225098, 33.944702, 43.88691, 
-0.025756836, 0.007522583, 5.645752E-4, 44.088326, 0.38135242, -9.798706, 0.101591714, 52.606915, -0.8773804, -18.148804, 33.470154, 44.088326, 
-0.02305603, 0.009170532, -0.0011901855, 44.28294, 0.5079273, -9.791435, 0.20046967, 52.802227, -0.82244873, -18.43872, 35.812378, 44.28294, 
-0.031173706, -0.018814087, -0.0031433105, 44.484356, 0.95070356, -9.7554455, 0.31275558, 52.99754, -1.0925293, -17.834473, 34.97162, 44.484356, 
-0.03352356, -0.010498047, -5.950928E-4, 44.685772, 2.4614725, -9.424438, -1.1364413, 53.188946, -0.74768066, -19.03534, 34.01947, 44.685772, 
-0.04286194, 0.020843506, -0.004638672, 44.887188, 2.64156, -8.775471, -3.49051, 53.388165, -0.82244873, -19.444275, 32.554626, 44.887188, 
-0.02456665, 0.029083252, -0.0090789795, 45.088604, 2.8070002, -8.363119, -4.283617, 53.90079, -1.6601563, -19.276428, 34.233093, 45.088604, 
-0.022094727, 0.048477173, -0.008529663, 45.29002, 1.4039227, -9.09634, -3.3846679, 54.096104, -2.4978638, -17.76886, 32.87964, 45.29002, 
-0.025650024, 0.08113098, 0.011566162, 45.491436, 1.0905408, -9.745183, -0.11185005, 54.28751, -2.1942139, -18.449402, 34.47876, 45.491436, 
-0.007095337, 0.08425903, 0.09741211, 45.692852, 1.6868277, -9.533975, 1.5583072, 54.482822, -2.8549194, -19.822693, 34.417725, 45.692852, 
0.041656494, 0.08578491, 0.15063477, 45.894268, 1.290572, -8.692199, -4.353217, 54.67423, -4.676819, -19.94629, 34.99756, 45.894268, 
0.065460205, 0.23452759, 0.13363647, 46.095684, 3.1539342, -7.224312, -5.83373, 54.86954, -4.421997, -19.180298, 34.121704, 46.095684, 
-0.059188843, 0.29197693, -0.010238647, 46.2971, 1.9220278, -8.783049, -3.9158974, 55.06876, -6.7825317, -19.224548, 34.240723, 46.2971, 
-0.19090271, 0.4388733, -0.20605469, 46.498516, 1.1085163, -9.743156, -0.11178317, 55.264072, -10.206604, -21.11969, 34.509277, 46.498516, 
-0.35786438, 0.84321594, -0.14335632, 46.699932, 1.5674419, -9.6167755, 1.1095729, 55.459385, -14.44397, -22.018433, 32.03125, 46.699932, 
-0.44992065, 1.0806732, -0.17608643, 46.90135, 1.4291884, -8.283279, -5.0512466, 55.65079, -22.8302, -26.45874, 29.322815, 46.90135, 
-0.19320679, 1.1451111, 0.02960205, 47.102764, 3.0907872, -7.649791, -5.300766, 55.908604, -30.21698, -27.20337, 24.63684, 47.102764, 
-0.1984253, 0.18856812, -0.069107056, 47.30418, 1.7242075, -9.216282, -2.8736126, 56.10001, -33.024597, -29.28772, 20.97931, 47.30418, 
0.24258423, -0.8361664, 0.11433411, 47.505596, 1.4253122, -9.685168, 0.57998824, 56.295322, -28.807068, -27.65503, 24.572754, 47.505596, 
0.6161194, -0.96455383, 0.26524353, 47.707012, 1.3120118, -9.66921, -0.97743213, 56.48674, -21.592712, -23.222351, 30.801392, 47.707012, 
0.20089722, 0.091415405, 0.1399231, 47.90843, 1.6626207, -6.608568, -7.0521564, 56.68596, -21.664429, -21.316528, 30.66101, 47.90843, 
-0.041671753, -0.38737488, 0.19509888, 48.109844, 2.8159225, -7.289969, -5.9242992, 56.877365, -19.422913, -19.94629, 31.739807, 48.109844, 
0.10221863, -0.08207703, 0.102005005, 48.31126, 1.1033212, -8.938467, -3.8803203, 57.072678, -19.290161, -19.511414, 31.903076, 48.31126, 
0.12182617, -0.031311035, 0.050186157, 48.512676, 0.39959234, -9.7561865, -0.9096852, 57.264084, -20.092773, -19.276428, 32.71637, 48.512676, 
0.10195923, -0.03363037, 0.027999878, 48.714092, 0.25222892, -9.637867, -1.7939576, 57.459396, -17.823792, -18.21289, 32.659912, 48.714092, 
0.07476807, -0.0370636, -5.493164E-4, 48.91551, 0.91309285, -6.9353013, -6.8730087, 57.650803, -18.681335, -17.095947, 32.556152, 48.91551, 
0.04095459, -0.023208618, -0.003967285, 49.116924, 1.6925794, -7.258582, -6.373268, 57.846115, -18.417358, -17.26532, 32.06482, 49.116924, 
0.00894165, 0.0061187744, 0.003112793, 49.31834, 1.5010517, -8.679065, -4.3117366, 58.03752, -18.353271, -17.692566, 33.114624, 49.31834, 
-0.009399414, 0.0098724365, 0.0015106201, 49.519756, 1.4532226, -9.692008, -0.35142928, 58.295334, -18.07251, -17.066956, 32.972717, 49.519756, 
-0.0115356445, -0.019714355, 0.0047454834, 49.721172, 1.2321745, -9.174491, -3.2374134, 58.494553, -18.753052, -17.26532, 33.042908, 49.721172, 
-0.013153076, -0.010040283, 0.003829956, 49.92259, 2.757778, -7.3510675, -5.875956, 58.68596, -18.09082, -17.887878, 32.099915, 49.92259, 
-0.009643555, 0.0057678223, 0.0065612793, 50.124004, 3.1934311, -8.08746, -4.5349064, 58.885178, -17.747498, -17.601013, 31.413269, 50.124004, 
-0.009246826, 0.0043945313, 0.0018157959, 50.32542, 4.04539, -8.8416605, -1.2768123, 59.084396, -17.663574, -16.537476, 31.91986, 50.32542, 
-0.0068969727, 3.0517578E-4, 0.0, 50.526836, 3.797294, -8.907043, 1.5541914, 59.275803, -19.059753, -16.705322, 32.710266, 50.526836, 
-0.008117676, 0.009002686, -0.001953125, 50.728252, 4.104702, -8.90362, -0.21762136, 59.471115, -19.422913, -17.26532, 31.739807, 50.728252, 
-0.015609741, 0.020751953, -0.0015258789, 50.92967, 3.7057145, -8.660203, -2.7274437, 59.66252, -19.212341, -16.97998, 32.943726, 50.92967, 
-0.015136719, -0.003692627, -0.0014038086, 51.131084, 2.9646459, -9.308971, -0.85105884, 59.857834, -18.830872, -16.567993, 33.294678, 51.131084, 
-0.025421143, 0.024963379, -0.0027008057, 51.3325, 2.4787893, -9.418267, 1.1498901, 60.053146, -19.404602, -17.297363, 33.06122, 51.3325, 
-0.02381897, 0.061431885, 0.013336182, 51.533916, 1.993846, -9.157525, 2.8869889, 60.244553, -20.0943, -18.815613, 32.839966, 51.533916, 
-0.010070801, 0.06422424, 0.025100708, 51.735332, 1.932501, -9.130476, 3.0116818, 60.502365, -19.59076, -16.427612, 32.554626, 51.735332, 
9.918213E-4, 0.07551575, 0.05192566, 51.93675, 1.7299155, -9.531896, -1.5234007, 60.697678, -20.115662, -17.036438, 32.08618, 51.93675, 
0.040267944, 0.13442993, 0.09030151, 52.138165, 1.8491968, -9.201059, -2.8445318, 60.89299, -21.942139, -17.601013, 31.898499, 52.138165, 
-0.0059509277, 0.15689087, 0.009567261, 52.33958, 1.2019609, -9.609797, -1.5419093, 61.084396, -21.601868, -16.763306, 32.554626, 52.33958, 
5.187988E-4, 0.38839722, -0.13291931, 52.540997, 0.7810794, -9.725147, 0.9908646, 61.27971, -24.453735, -16.360474, 30.76477, 52.540997, 
-0.044891357, 0.68743896, -0.33218384, 52.742413, 0.8246704, -9.258874, 3.12467, 61.475002, -28.503418, -18.301392, 28.894043, 52.742413, 
-0.42041016, 1.3405457, -0.58984375, 52.94383, 0.7680714, -9.68321, 1.3475506, 61.66641, -34.672546, -20.785522, 23.106384, 52.94383, 
-2.032013, 2.7677307, 0.0980072, 53.145245, 1.4302227, -8.895422, -3.872508, 61.86172, -39.364624, -27.08435, 5.039978, 53.145245, 
-1.8124847, 2.3171234, 0.92274475, 53.34666, 1.2733424, -9.198314, -3.152779, 62.053127, -36.683655, -18.774414, -14.685059, 53.34666, 
-0.15245056, 0.7797699, 0.75457764, 53.806797, 0.72643495, -9.65864, -1.5340654, 62.24844, -35.08911, -14.865112, -20.095825, 53.806797, 
1.7448578, -2.0062714, 0.17163086, 54.008213, 0.7883549, -9.430875, 2.5705035, 62.506252, -39.492798, -14.822388, -13.948059, 54.008213, 
1.8527374, -1.6070251, -0.12142944, 54.20963, 1.6257032, -9.17431, -3.0593324, 63.09219, -42.045593, -15.757751, -2.6306152, 54.20963, 
-1.2785187, 0.053146362, 0.02558899, 54.411045, 1.428553, -9.5586815, -1.6616958, 63.295315, -39.54315, -17.926025, 4.3441772, 54.411045, 
-3.4370422, 1.8859863, 0.45907593, 54.61246, 1.6019443, -9.593722, 1.2508595, 63.48672, -41.207886, -16.671753, -6.2286377, 54.61246, 
0.942276, 0.19631958, 0.40356445, 54.813877, 2.092904, -9.324514, 2.200809, 63.678127, -39.364624, -16.427612, -13.380432, 54.813877, 
2.078308, -1.4070129, 0.3882141, 55.015293, 1.9291836, -9.444289, -1.8038968, 63.87344, -41.871643, -18.263245, -3.5827637, 55.015293, 
1.5538025, -1.4021149, -0.11601257, 55.21671, 2.5226917, -8.678497, -3.8065853, 64.068756, -40.70587, -17.433167, 10.726929, 55.21671, 
-2.348343, -0.09992981, 0.2890625, 55.418125, 2.1865966, -9.355424, -1.9660193, 64.26016, -38.42621, -23.298645, 12.063599, 55.418125, 
-2.7665405, 1.7962341, 0.0692749, 55.61954, 1.7726101, -9.643939, 0.15057138, 64.455475, -41.481018, -26.597595, -3.9230347, 55.61954, 
1.3886108, -0.62213135, 0.097595215, 55.820957, 1.3957239, -9.447895, 2.227021, 64.64688, -42.045593, -24.806213, -4.9102783, 55.820957, 
2.5944824, -2.2445068, 0.41812134, 56.022373, 1.0609721, -9.734066, -0.5410007, 64.84219, -41.029358, -20.257568, 8.666992, 56.022373, 
1.1204834, -1.6339722, -0.2431488, 56.22379, 3.1891007, -8.152638, -4.419786, 65.100006, -32.22351, -14.019775, 25.183105, 56.22379, 
-3.190155, -0.2744751, 0.41641235, 56.425217, 1.7329719, -9.100672, -3.2163596, 65.29532, -28.640747, -25.811768, 29.621887, 56.425217, 
-1.4359131, 1.4433136, -0.016540527, 56.626633, -0.0021837337, -9.800759, -0.33986253, 65.486725, -31.671143, -43.99414, 11.352539, 56.626633, 
1.4506989, -1.5664673, -0.2316742, 56.82805, 0.3666313, -9.556654, 2.169409, 65.68204, -29.980469, -42.570496, 20.825195, 56.82805, 
1.9230957, -2.186203, 0.075027466, 57.029465, 0.96765107, -9.636058, 1.5428674, 65.87735, -20.195007, -29.833984, 34.957886, 57.029465, 
0.6420593, -1.5993347, -0.2098999, 57.23088, 1.3440478, -8.727409, -4.265706, 66.068756, -5.7418823, -24.806213, 39.21814, 57.23088, 
-3.2471466, 0.04284668, 0.2549591, 57.432297, 2.316165, -8.259053, -4.7532954, 66.26407, 0.35095215, -40.727234, 24.897766, 57.432297, 
-0.47921753, 1.0305023, -0.007003784, 57.633713, 2.521601, -9.247615, -2.0720856, 73.04532, -2.7954102, -45.191956, 13.447571, 57.633713, 
1.1959991, -0.5367279, -0.15458679, 57.83513, 2.7997234, -8.881623, -3.0738735, 73.24063, -1.890564, -38.12561, 19.282532, 57.83513, 
1.9967804, -1.1395264, -0.2177887, 58.036545, 2.3339977, -9.511606, -0.5021872, 73.49844, 4.875183, -27.153015, 23.106384, 58.036545, 
0.21789551, -0.9121704, -0.26480103, 58.23796, 2.3155022, -9.3606615, 1.785177, 73.693756, 8.184814, -19.487, 21.722412, 58.23796, 
-2.7583008, 1.6977539, 0.68891907, 58.439377, 2.2932522, -8.822751, 3.6153076, 73.88516, 6.718445, -29.33197, 21.640015, 58.439377, 
-0.013092041, 1.2166443, 0.38917542, 58.640793, 1.8659433, -9.627212, 0.07378997, 74.080475, -6.272888, -36.332703, 19.892883, 58.640793, 
0.73854065, 1.5532379, -0.21955872, 58.84221, 2.0321217, -8.767081, -3.8960428, 74.27579, -9.762573, -31.196594, 24.95575, 58.84221, 
1.619873, 0.38446045, 0.11605835, 59.043625, 1.643168, -9.3515835, -2.4532177, 74.46719, -11.044312, -22.962952, 27.503967, 59.043625, 
-0.5813904, 0.959671, -0.5352173, 59.24504, 0.74487877, -9.77528, 0.24381407, 74.662506, -13.150024, -18.910217, 28.512573, 59.24504, 
-3.059143, 3.0021667, 0.9367523, 59.446457, 1.3297002, -9.227008, 3.043783, 74.85391, -24.397278, -31.62384, 16.627502, 59.446457, 
0.44940186, 1.352066, 0.91171265, 59.647873, 1.3295752, -9.600479, 1.4944563, 75.049225, -31.82373, -29.666138, 1.4419556, 59.647873, 
0.8321686, 0.42677307, 0.18075562, 59.84929, 2.1561565, -8.203373, -4.921997, 75.30704, -34.196472, -26.843262, 3.225708, 59.84929, 
0.8740387, 0.3667755, 0.12106323, 60.050705, 1.7464842, -9.221232, -2.8441281, 75.50235, -35.21576, -22.651672, 4.319763, 60.050705, 
0.5978241, 0.2702942, -0.066345215, 60.25212, 1.2530407, -9.726193, 0.03800449, 75.693756, -35.845947, -21.957397, 4.699707, 60.25212, 
-2.171692, 1.458252, -0.066345215, 60.453537, 1.9570317, -9.189182, 2.8105762, 75.88907, -35.19287, -24.954224, -0.1739502, 60.453537, 
-2.1237793, 2.2026215, 0.43356323, 60.654953, 1.7254499, -9.606989, -0.94814557, 76.080475, -30.484009, -19.612122, -17.779541, 60.654953, 
0.8160095, 0.37304688, 0.41793823, 60.85637, 3.1808658, -7.798845, -5.022997, 76.27579, -28.128052, -19.28711, -21.852112, 60.85637, 
1.1044922, -0.44877625, 0.30155945, 61.057785, 2.6628666, -8.729021, -3.5893896, 76.4711, -30.557251, -21.089172, -19.091797, 61.057785, 
1.3202515, -0.4260254, 0.12528992, 61.2592, 2.4095178, -9.50522, -0.12409903, 76.66641, -32.99713, -24.806213, -15.661621, 61.2592, 
-0.24485779, 0.1683197, -0.15153503, 61.460598, 3.049306, -9.028157, 2.3161407, 76.85782, -33.457947, -29.289246, -11.222839, 61.460598, 
-3.1291656, 1.513504, 0.07652283, 61.662014, 2.7266343, -9.395102, -0.6840456, 77.05313, -27.392578, -20.161438, -23.536682, 61.662014, 
0.051956177, 0.7563019, 0.41270447, 61.86343, 3.7400613, -8.120628, -4.029606, 77.24454, -18.249512, -13.076782, -28.367615, 61.86343, 
0.9477234, -0.7299652, 0.15228271, 62.064846, 2.9870052, -9.033261, -2.3766327, 77.50235, -22.207642, -19.961548, -27.32544, 62.064846, 
1.8177795, -0.9759674, 0.07714844, 62.266262, 2.5474703, -9.460184, 0.43093428, 77.69546, -27.131653, -27.65503, -22.665405, 62.266262, 
0.7821808, -0.8907776, -0.019958496, 62.467678, 2.88264, -9.017077, 2.5599015, 77.88686, -30.462646, -32.077026, -15.315247, 62.467678, 
-2.9236603, 0.5530853, 0.18054199, 62.669094, 2.4634657, -9.424268, -1.1335367, 78.08218, -31.304932, -27.723694, -19.595337, 62.669094, 
-1.04039, 1.2576294, 0.18852234, 62.87051, 3.6373832, -7.6543145, -4.934704, 78.27358, -24.61853, -14.416504, -31.298828, 62.87051, 
0.7956848, 0.43598938, 0.36012268, 63.071926, -5.563736, -8.058368, 0.52720535, 83.062645, -24.032593, -17.76886, -31.78711, 63.071926, 
1.8494415, -1.2214203, -0.058120728, 63.273342, -7.793062, -5.5713625, 2.0972574, 83.26186, -31.776428, -25.387573, -26.620483, 63.273342, 
1.042572, -0.7479706, -0.23526001, 63.47476, -8.6694975, -4.326167, 1.5147519, 83.45327, -35.342407, -32.850647, -18.59436, 63.47476, 
-2.0969849, 0.7309265, 0.13673401, 63.676174, -9.283509, -0.9808939, 3.004114, 83.64858, -35.186768, -29.782104, -21.464539, 63.676174, 
-1.9359283, 2.6037598, 0.6505585, 63.87759, -5.0031395, 2.713926, 7.985837, 83.906395, -21.920776, -8.869934, -34.083557, 63.87759, 
1.0175934, 0.44578552, 0.34939575, 64.07901, -0.8863644, 5.8680573, 7.80709, 84.10171, -15.5685425, -12.4053955, -37.16278, 64.07901, 
1.038269, 0.21897888, 0.14971924, 64.280426, -7.1844482, 5.276693, 4.08786, 84.29311, -13.705444, -18.041992, -36.450195, 64.280426, 
1.1677246, 0.0438385, 0.18859863, 64.48184, -4.939142, 2.8502502, 7.9781785, 84.48843, -10.708618, -24.639893, -35.3714, 64.48184, 
-1.7075653, -0.70196533, 0.3235321, 64.68326, -3.6185074, 3.717888, 8.321905, 84.67983, -14.387512, -23.223877, -35.916138, 64.68326, 
-1.9347687, -0.21640015, -1.210846, 64.884674, -3.527681, 4.5450435, 7.9415636, 84.875145, -17.619324, -4.220581, -35.020447, 64.884674, 
1.0211334, -1.1847992, 0.23501587, 65.08609, -4.007805, 5.4267635, 7.1174517, 85.06655, -21.769714, -7.2113037, -35.046387, 65.08609, 
1.621933, -2.243454, 0.54959106, 65.287506, -4.3982196, 4.66057, 7.4232836, 85.26186, -34.5047, -13.4552, -25.352478, 65.287506, 
1.4466095, -2.5520782, 0.20941162, 65.48892, -3.936171, 4.0780463, 8.002904, 85.45718, -43.89038, -16.394043, -9.764099, 65.48892, 
0.10481262, -1.7057495, 0.08018494, 65.69034, -3.2008948, 3.3933244, 8.626124, 85.65249, -42.21344, -17.26532, 1.7669678, 65.69034, 
-3.348938, 0.8365631, 0.085754395, 65.891754, -2.3825204, 2.921725, 9.053039, 85.843895, -40.90576, -20.10498, 5.281067, 65.891754, 
-0.4262848, 0.7792206, 0.073516846, 66.09317, -2.2788267, 3.9283721, 8.691676, 86.0353, -40.70587, -24.472046, -7.8430176, 66.09317, 
1.3753967, -0.53871155, 0.38302612, 66.294586, -1.9297978, 4.163668, 8.66661, 86.23061, -42.240906, -20.4422, -3.2073975, 66.294586, 
2.2483063, -1.7767181, -0.14163208, 66.496, -0.13617674, 2.3067954, 9.530505, 86.49624, -41.879272, -15.682983, 10.772705, 66.496, 
0.6647644, -1.0709381, -0.1348114, 66.69742, 0.30563876, 0.058348484, 9.801713, 86.687645, -38.35907, -15.422058, 17.893982, 66.69742, 
-3.9813232, 1.8027649, 0.44979858, 66.898834, 0.836207, -1.9810518, 9.567998, 86.88263, -40.249634, -22.561646, 13.423157, 66.898834, 
-0.17025757, 1.4353943, 0.2321167, 67.10025, 0.48105165, -0.7414555, 9.766741, 87.074036, -41.020203, -26.419067, -3.668213, 67.10025, 
1.4720612, -0.89030457, 0.07426453, 67.30167, 0.7788256, -0.22611429, 9.773059, 87.26935, -41.879272, -25.64087, 0.47149658, 67.30167, 
2.066681, -1.087265, 0.11424255, 67.50308, 0.8540209, -0.0018670746, 9.769393, 87.46466, -41.534424, -21.102905, 10.812378, 67.50308, 
-0.061340332, -0.5349121, -0.102645874, 67.7045, 0.6570923, 0.4874845, 9.77246, 87.65607, -38.694763, -18.774414, 16.915894, 67.7045, 
-3.05188, 0.88513184, 0.39369202, 67.905914, -0.33579588, 0.24227469, 9.797904, 87.85138, -41.03546, -23.58551, 5.982971, 67.905914, 
0.45877075, 0.94973755, 0.42944336, 68.10733, -1.001521, 0.5153598, 9.741753, 88.04669, -42.25006, -23.034668, -9.085083, 68.10733, 
0.6711731, -0.39593506, 0.15797424, 68.30875, 0.008697532, 1.0457704, 9.750727, 88.304504, -43.554688, -23.298645, -3.7704468, 68.30875, 
1.463562, -0.9488373, -0.03388977, 68.51016, 1.0967612, 1.4704365, 9.633552, 88.49591, -43.928528, -22.218323, 5.9295654, 68.51016, 
0.37724304, -0.6452484, 0.075546265, 68.71158, -0.6506358, 3.8494618, 8.996038, 88.69122, -42.884827, -18.94226, 12.193298, 68.71158, 
-2.343689, 0.016235352, 0.078933716, 68.912994, -2.5128298, 6.5337257, 6.867787, 88.886536, -40.03601, -26.14746, 15.612793, 68.912994, 
-0.39356995, 2.2015686, 0.13504028, 69.11441, -3.4941576, 8.323889, 3.8306823, 89.07794, -39.39514, -31.121826, -3.6193848, 69.11441, 
1.270462, 0.399292, 0.59846497, 69.31583, -2.4501936, 6.934467, 6.486918, 89.27326, -43.89038, -27.65503, -1.4907837, 69.31583, 
0.40524292, -0.15792847, 0.20140076, 69.51724, -1.7862834, 5.763259, 7.7307453, 89.46467, -43.26172, -25.770569, -3.729248, 69.51724, 
-0.02897644, -0.195755, -0.012145996, 69.71866, -2.9813056, 6.8955073, 6.3035054, 89.65998, -44.16809, -26.257324, -2.8686523, 69.71866, 
-0.22425842, -0.43504333, -0.1612091, 69.920074, -3.3039734, 6.92893, 6.102793, 89.85529, -43.051147, -26.817322, 0.62713623, 69.920074, 
-0.73902893, -0.89627075, -0.055114746, 70.12149, -2.281222, 6.095225, 7.335847, 90.0467, -42.11731, -27.774048, 3.340149, 70.12149, 
-0.12930298, -0.93144226, -0.7819824, 70.32291, -0.69651085, 4.5614233, 8.653247, 90.30451, -39.868164, -33.018494, 9.587097, 70.32291, 
1.760849, -2.137619, 0.095458984, 70.52432, -0.84755963, 4.315052, 8.765407, 90.499825, -33.92334, -29.992676, 20.751953, 70.52432, 
1.0522919, -0.45498657, 0.051879883, 70.72574, -1.1875715, 3.7506258, 8.982921, 90.69514, -29.0802, -18.208313, 30.66101, 70.72574, 
0.30899048, -0.6698303, 0.1690979, 70.927155, -1.1600397, 3.407499, 9.122151, 90.88654, -23.780823, -16.259766, 33.36792, 70.927155, 
0.21994019, 0.19413757, -0.1875763, 71.12857, -1.0442845, 3.3979194, 9.139693, 91.081856, -23.257446, -16.351318, 31.977844, 71.12857, 
0.08255005, 0.29396057, -0.47418213, 71.32999, -1.0513709, 3.3747447, 9.147465, 91.27717, -24.952698, -16.990662, 30.812073, 71.32999, 
-1.68219, 0.30891418, 0.048324585, 71.5314, -1.173209, 3.3796375, 9.130828, 91.468575, -26.629639, -24.472046, 29.621887, 71.5314, 
-2.2460938, 1.5857391, 0.7519684, 71.73282, -1.3227372, 3.5744643, 9.035705, 91.66389, -32.49054, -34.321594, 18.093872, 71.73282, 
-0.35939026, 1.5545349, 0.45396423, 71.934235, -1.3951261, 3.6566038, 8.991844, 91.85529, -38.86261, -36.035156, 3.0700684, 71.934235, 
0.6965332, -0.24665833, -0.018066406, 72.13565, -1.494019, 3.6569884, 8.975786, 92.050606, -38.937378, -33.57849, 0.79345703, 72.13565, 
1.5383911, -0.689682, 0.19664001, 72.33707, -1.5624406, 3.3978975, 9.065509, 92.24592, -38.380432, -30.709839, 8.110046, 72.33707, 
1.1314545, 0.087020874, 0.10340881, 72.53848, -1.4834338, 3.2484643, 9.1333065, 92.437325, -40.20233, -27.320862, 14.7994995, 72.53848, 
-0.82795715, 0.7475586, -0.45211792, 72.7399, -1.4946945, 3.1957119, 9.150065, 92.69514, -39.215088, -28.427124, 14.686584, 72.7399, 
-2.6795197, 2.2234344, 0.36761475, 72.941315, -1.5204886, 3.0809507, 9.18511, 92.89045, -38.894653, -31.576538, -9.605408, 72.941315, 
0.33096313, 1.2563324, 0.7126312, 73.14273, -1.4870716, 3.0003762, 9.217198, 93.08576, -32.22351, -25.624084, -24.720764, 73.14273, 
0.754364, 1.210083, 0.20652771, 73.34415, -1.481979, 2.968852, 9.22822, 93.27717, -28.536987, -25.58136, -28.141785, 73.34415, 
1.1455536, 0.07472229, -0.056915283, 73.54556, -1.4503577, 3.0735679, 9.198915, 93.47248, -28.137207, -30.671692, -26.901245, 73.54556, 
0.8805542, 0.028701782, -0.081710815, 73.74698, -1.4453688, 3.0483096, 9.208099, 93.66389, -29.808044, -36.920166, -22.883606, 73.74698, 
-2.8505096, 1.8288116, 0.21231079, 73.948395, -1.4952208, 3.0265362, 9.207322, 93.8592, -23.24524, -25.02594, -32.992554, 73.948395, 
-1.8233032, 2.2320251, 0.7195587, 74.14981, -1.0999622, 3.9421966, 8.911765, 94.05451, -4.3411255, -2.1835327, -35.697937, 74.14981, 
0.88772583, -0.17274475, 0.42816162, 74.35123, -0.83181536, 2.7013998, 9.390469, 94.24592, 1.4404297, -5.7037354, -33.9859, 74.35123, 
1.929184, -0.8684845, 0.26101685, 74.55264, -1.2278527, 1.8184576, 9.558032, 94.50373, -4.614258, -13.7146, -36.14044, 74.55264, 
1.3647766, -0.9566345, -0.12600708, 74.75406, -0.6669062, 1.6191864, 9.649034, 94.69904, -12.843323, -24.33014, -31.573486, 74.75406, 
-2.611435, 0.33041382, 0.21348572, 74.955475, -0.5725163, 0.8092268, 9.756422, 94.894356, -12.214661, -16.998291, -32.507324, 74.955475, 
-2.1437073, 1.5728912, 0.13008118, 75.15689, -0.6992466, 1.1187415, 9.717503, 95.08576, -2.1621704, -0.340271, -28.692627, 75.15689, 
1.5794525, -0.74494934, 0.10432434, 75.35831, -0.66959465, 1.4142238, 9.681013, 95.281075, -0.119018555, -6.3568115, -29.676819, 75.35831, 
1.7565155, -1.1817017, 0.24389648, 75.55972, -0.7324326, 1.0957748, 9.717675, 95.47248, -9.767151, -15.193176, -31.808472, 75.55972, 
1.2958069, -0.8933563, -0.22601318, 75.76114, -0.8434392, 1.0090438, 9.718067, 95.66779, -14.898682, -25.4776, -26.737976, 75.76114, 
-3.2451324, 0.92489624, 0.38050842, 75.962555, -0.9730376, 1.013167, 9.705518, 95.863106, -13.700867, -17.54303, -29.808044, 75.962555, 
-1.3748627, 1.9850769, 0.16419983, 76.16397, -0.89483243, 1.0029817, 9.714098, 96.05451, -2.9815674, 0.14190674, -27.583313, 76.16397, 
1.3080597, -0.84469604, 0.0048065186, 76.36539, -0.783801, 1.1920727, 9.70232, 96.31623, 0.16174316, -4.902649, -29.61731, 76.36539, 
2.2322998, -0.9194946, 0.026672363, 76.5668, -0.7650126, 1.2018117, 9.702618, 96.50764, -11.433411, -18.722534, -31.002808, 76.5668, 
0.9941559, -1.0192261, -0.1350708, 76.76822, -0.8173581, 1.3052053, 9.684976, 96.63654, -16.741943, -28.326416, -27.877808, 76.76822, 
-3.2172089, 1.4826813, 0.28146362, 76.969635, -0.8222169, 1.3088706, 9.68407, 96.894356, -14.460754, -13.795471, -33.491516, 76.969635, 
-0.78215027, 1.2454834, 0.09954834, 77.17105, -0.9966531, 1.405308, 9.654128, 97.08967, -2.041626, 1.5228271, -27.890015, 77.17105, 
0.9910431, -0.7861786, 0.41819763, 77.37247, -1.4198173, 1.409954, 9.60034, 97.281075, -4.173279, -5.368042, -31.298828, 77.37247, 
1.9663391, -1.3201141, -0.013580322, 77.57168, -2.977053, 2.1885042, 9.083941, 97.47639, -12.922668, -15.843201, -31.13556, 77.57168, 
1.0371552, -0.7398224, -0.12901306, 77.773094, -3.4159465, 2.3393316, 8.889838, 97.66779, -16.574097, -27.488708, -28.041077, 77.773094, 
-3.382843, 0.98765564, 0.43292236, 77.97451, -3.2832444, 1.9007306, 9.043114, 97.863106, -13.005066, -16.729736, -30.264282, 77.97451, 
-0.94348145, 1.4526062, 0.23057556, 78.17593, -3.3275032, 1.838421, 9.039819, 98.05842, 0.11444092, -1.9439697, -29.411316, 78.17593, 
0.9581604, -0.80355835, -0.010421753, 78.37734, -3.3044417, 2.260328, 8.952205, 98.25373, -0.85601807, -8.151245, -30.223083, 78.37734, 
2.0562286, -1.3381805, 0.043395996, 78.57876, -3.302043, 2.4156802, 8.912429, 98.44514, -10.542297, -21.455383, -29.670715, 78.57876, 
1.0432281, -0.8701477, -0.1568451, 78.780174, -2.7303255, 2.7353265, 9.012974, 98.64045, -15.628052, -29.8172, -25.471497, 78.780174, 
-2.9276276, 0.5564728, 0.27522278, 78.98159, -1.4676148, 2.5543866, 9.353695, 98.89826, -13.554382, -19.210815, -31.733704, 78.98159, 
-1.22435, 1.3062439, 0.2924347, 79.18301, -1.1776204, 2.4050496, 9.433946, 99.08967, -0.82244873, -2.6870728, -32.928467, 79.18301, 
1.0204468, -0.5403595, 0.19406128, 79.38442, -1.1394702, 2.7020073, 9.357946, 99.28498, 1.5640259, -7.435608, -33.213806, 79.38442, 
1.6156769, -1.2688599, 0.071762085, 79.58584, -1.7940129, 2.9136772, 9.190342, 99.47639, -8.467102, -16.281128, -34.454346, 79.58584, 
1.2234192, -0.46598816, -0.2217102, 79.787254, -2.2208147, 3.0721545, 9.044348, 99.6717, -10.708618, -26.649475, -32.113647, 79.787254, 
-2.1323242, 0.3152008, 0.21807861, 79.98867, -1.7444476, 3.5495822, 8.973725, 99.86701, -11.58905, -18.341064, -32.914734, 79.98867, 
-2.0838013, 1.6039581, 0.28401184, 80.19009, -1.5260931, 4.0788813, 8.78659, 100.062325, -2.1621704, -1.6815186, -29.344177, 80.19009, 
0.9651642, -0.6153412, 0.051208496, 80.3915, -1.3857423, 4.2527328, 8.727221, 100.25373, 0.3616333, -6.3842773, -30.717468, 80.3915, 
1.8086548, -0.8185425, 0.14961243, 80.59292, -1.3736756, 4.206551, 8.751475, 100.44514, -6.729126, -14.019775, -33.110046, 80.59292, 
1.3534546, -0.71606445, -0.15150452, 80.794334, -1.3594972, 4.200728, 8.756485, 100.70295, -13.223267, -24.806213, -30.973816, 80.794334, 
-1.5997925, -0.15873718, 0.09158325, 80.99575, -1.3426018, 4.2807364, 8.720269, 100.89826, -15.5685425, -23.40393, -29.995728, 80.99575, 
-2.66362, 1.8219604, 0.060516357, 81.19717, -1.3929008, 4.429231, 8.637831, 101.08967, -9.997559, -2.267456, -29.934692, 81.19717, 
0.7046356, -0.13194275, 0.2793579, 81.39858, -1.397927, 4.404544, 8.649634, 101.28498, -2.6657104, -5.2001953, -30.484009, 81.39858, 
1.8764496, 0.37895203, 0.27478027, 81.6, -1.349018, 4.283495, 8.717925, 101.48029, -3.1677246, -11.399841, -30.647278, 81.6, 
1.119339, -0.56762695, 0.23764038, 81.801414, -1.3653421, 4.2280498, 8.742415, 101.6717, -10.542297, -21.11969, -32.276917, 81.801414, 
-0.8354645, -0.9963379, -0.32470703, 82.00283, -1.434095, 4.2464056, 8.722488, 101.86701, -16.42456, -21.90094, -30.500793, 82.00283, 
-3.2459564, -0.047058105, 0.20751953, 82.20425, -1.3846486, 4.1280036, 8.787077, 102.05842, -14.001465, -7.0373535, -30.206299, 82.20425, 
0.25306702, -1.5704346, 1.4781189, 82.40566, ,,,,-9.3688965, 0.16174316, -33.74176, 82.40566, 
0.8046417, -0.6818085, 0.5059204, 82.60708, ,,,,-17.915344, -2.7679443, -29.360962, 82.60708, 
0.40124512, -3.0670166, 0.9107666, 82.808495, ,,,,-27.801514, -4.194641, -16.47644, 82.808495, 
-0.051956177, -1.3186646, 1.8757629, 83.00991, ,,,,-28.933716, 1.8997192, -8.106995, 83.00991, 
-1.2256775, -0.65948486, 1.1495056, 83.21133, ,,,,-23.060608, 9.461975, -1.4068604, 83.21133, 
0.42233276, -0.7598419, 1.1704712, 83.41274, ,,,,-18.417358, 11.8927, 1.4419556, 83.41274, 
-0.5457306, -1.6182251, 2.371933, 83.61416, ,,,,-7.8445435, 18.65387, 1.9485474, 83.61416, 
1.099411, -3.7613373, 1.2170563, 83.815575, ,,,,4.588318, 22.129822, -0.95825195, 83.815575, 
1.3251343, 1.7353363, -0.13302612, 84.01699, ,,,,9.567261, 19.099426, -10.122681, 84.01699, 
-1.4259949, 0.007446289, -2.167633, 84.21841, ,,,,0.7949829, 24.946594, -5.357361, 84.21841, 
-0.4970398, -0.97473145, 1.4646454, 84.41982, ,,,,5.4473877, 37.10785, 5.8776855, 84.41982, 
0.38383484, 0.22105408, 0.6773834, 84.62124, ,,,,8.354187, 35.591125, 5.1483154, 84.62124, 
0.92362976, 0.08685303, -0.17633057, 84.822655, ,,,,11.529541, 35.231018, 1.260376, 84.822655, 
0.14454651, -0.37475586, -0.77775574, 85.02407, ,,,,4.9942017, 38.616943, -2.4230957, 85.02407, 
-0.41368103, 0.13848877, 0.20959473, 85.22549, ,,,,3.40271, 38.69934, 0.22583008, 85.22549, 
-0.85328674, -0.08628845, 1.0476227, 85.4269, ,,,,9.359741, 37.81433, 5.8685303, 85.4269, 
-0.79193115, -0.09718323, 1.1802826, 85.62832, ,,,,18.400574, 32.58362, 12.564087, 85.62832, 
0.42071533, 0.19726563, 0.6342163, 85.829735, ,,,,20.97168, 29.379272, 12.345886, 85.829735, 
0.1938324, 0.07119751, 0.7273102, 86.03115, ,,,,25.439453, 26.216125, 9.631348, 86.03115, 
-1.0839386, -0.21633911, 1.5860748, 86.23257, ,,,,30.299377, 17.669678, 14.355469, 86.23257, 
-1.0207367, 0.41560364, 2.2260437, 86.43398, ,,,,33.2489, -1.8707275, 15.235901, 86.43398, 
-1.2505188, -0.6227875, 1.8530884, 86.6354, ,,,,27.952576, -19.86847, 6.536865, 86.6354, 
0.32762146, 0.11503601, -0.033813477, 86.83649, ,,,,26.489258, -21.533203, 5.0186157, 86.83649, 
0.4369049, 0.040878296, -0.51789856, 87.0379, ,,,,26.539612, -21.206665, 9.104919, 87.0379, 
0.08404541, -0.09387207, -0.6313782, 87.23932, ,,,,30.906677, -14.889526, 8.258057, 87.23932, 
0.1764679, 0.0065460205, -0.2842865, 87.440735, ,,,,30.900574, -14.21814, 9.454346, 87.440735, 
0.003967285, 0.4983368, 0.43244934, 87.64215, ,,,,30.288696, -14.167786, 12.872314, 87.64215, 
0.1643219, 0.40795898, -0.07562256, 87.84357, ,,,,27.555847, -16.230774, 15.100098, 87.84357, 
0.16551208, -0.24972534, -0.29833984, 88.04498, ,,,,28.527832, -12.37793, 16.371155, 88.04498, 
0.25752258, -0.6848297, -0.50897217, 88.2464, ,,,,32.08008, -8.354187, 10.702515, 88.2464, 
1.0336761, 0.2937317, -0.50753784, 88.447815, ,,,,31.506348, -3.3828735, 9.997559, 88.447815, 
1.2066498, 0.22441101, -1.3721924, 88.64923, ,,,,30.882263, 4.673767, 11.715698, 88.64923, 
2.3517303, 1.5028839, 0.086257935, 88.85065, ,,,,27.890015, 12.257385, 16.403198, 88.85065, 
-0.8869934, -0.72636414, -0.1264801, 89.05206, ,,,,26.733398, 15.04364, 17.715454, 89.05206, 
-1.1455841, -1.2835541, -0.5133209, 89.25349, ,,,,28.915405, 13.493347, 8.117676, 89.25349, 
0.81555176, 0.90966797, 0.07254028, 89.4549, ,,,,28.393555, 15.106201, 10.050964, 89.4549, 
0.074417114, 0.3790741, 0.008621216, 89.65632, ,,,,26.968384, 15.859985, 13.749695, 89.65632, 
-0.48036194, -0.99443054, -0.25260925, 89.857735, ,,,,28.057861, 14.772034, 10.375977, 89.857735, 
-0.81559753, -1.2301941, -0.392807, 90.05915, ,,,,28.367615, 18.147278, 3.6651611, 90.05915, 
-0.19050598, -0.15177917, -0.15034485, 90.26057, ,,,,27.220154, 21.368408, 3.1082153, 90.26057, 
-0.26805115, 0.1764679, -0.00831604, 90.46198, ,,,,27.388, 22.14508, 3.2089233, 90.46198, 
-0.3214569, -0.08880615, -0.19299316, 90.6634, ,,,,27.792358, 20.004272, 5.232239, 90.6634, 
0.061523438, -0.06637573, -0.059539795, 90.864815, ,,,,26.835632, 21.992493, 4.382324, 90.864815, 
-0.010421753, -0.021759033, 0.02859497, 91.06623, ,,,,27.182007, 22.232056, 5.1071167, 91.06623, 
-0.056045532, 0.09451294, 0.23799133, 91.26765, ,,,,26.113892, 20.736694, 4.5776367, 91.26765, 
0.104599, 0.14085388, 0.16694641, 91.46906, ,,,,27.388, 19.128418, 7.118225, 91.46906, 
0.016342163, 0.046279907, 0.055282593, 91.67048, ,,,,27.767944, 18.269348, 6.097412, 91.67048, 
0.004486084, -0.012878418, -0.03894043, 91.871895, ,,,,27.19574, 17.955017, 6.3323975, 91.871895, 
-0.15792847, 0.0043182373, 0.015075684, 92.07331, ,,,,28.057861, 19.128418, 5.8151245, 92.07331, 
-0.14277649, -0.053085327, 0.037521362, 92.27473, ,,,,27.548218, 17.63916, 7.6141357, 92.27473, 
-0.042922974, -0.02180481, -0.0064086914, 92.47614, ,,,,27.890015, 18.960571, 6.954956, 92.47614, 
-0.059280396, -0.024475098, 0.023590088, 92.67756, ,,,,26.475525, 18.426514, 7.209778, 92.67756, 
-0.10461426, 0.00642395, 0.011505127, 92.878975, ,,,,28.089905, 18.525696, 7.347107, 92.878975, 
0.0024414063, -0.009338379, -0.010894775, 93.08039, ,,,,28.057861, 18.792725, 8.747864, 93.08039, 
0.047958374, 0.012512207, 0.09043884, 93.28181, ,,,,28.88794, 17.626953, 6.793213, 93.28181, 
-0.01499939, 0.020980835, 0.053604126, 93.48322, ,,,,28.668213, 17.20581, 6.941223, 93.48322, 
-0.016738892, 0.027542114, 0.07644653, 93.68464, ,,,,28.561401, 17.955017, 7.281494, 93.68464, 
0.43626404, -0.05596924, 0.70747375, 93.886055, ,,,,30.041504, 14.709473, 6.716919, 93.886055, 
-0.8914337, 0.03579712, 0.18586731, 94.08747, ,,,,32.08008, 8.403015, 8.096313, 94.08747, 
-0.26446533, 0.16497803, -0.5185852, 94.28889, ,,,,28.77655, 13.574219, 11.074829, 94.28889, 
-0.008453369, -0.28619385, 0.5532837, 94.4903, ,,,,29.968262, 12.591553, 8.19397, 94.4903, 
-0.52363586, 0.031951904, 0.2668457, 94.69172, ,,,,30.906677, 6.5597534, 9.887695, 94.69172, 
0.13796997, 0.033172607, -0.4985962, 94.893135, ,,,,31.010437, 9.7229, 9.135437, 94.893135, 
0.20318604, -0.049835205, -0.27104187, 95.09455, ,,,,30.340576, 12.432861, 8.018494, 95.09455, 
-0.15757751, 0.0041503906, -0.18695068, 95.29597, ,,,,28.895569, 12.593079, 8.584595, 95.29597, 
-0.029067993, 0.03842163, -0.19448853, 95.49738, ,,,,29.042053, 15.084839, 8.442688, 95.49738, 
-0.0026550293, 0.06628418, 0.051589966, 95.6988, ,,,,28.895569, 15.943909, 9.236145, 95.6988, 
-0.047561646, 0.0084991455, 0.1921997, 95.900215, ,,,,29.03595, 14.538574, 9.352112, 95.900215, 
0.054031372, -0.0076446533, 0.115737915, 96.10163, ,,,,29.985046, 13.346863, 8.503723, 96.10163, 
-0.0019226074, 0.024963379, 0.018066406, 96.30305, ,,,,30.404663, 12.089539, 9.399414, 96.30305, 
0.078048706, 0.021484375, 0.035949707, 96.50446, ,,,,30.767822, 13.066101, 8.189392, 96.50446, 
-0.025161743, 0.0023040771, 0.076049805, 96.70588, ,,,,29.67987, 11.8637085, 8.854675, 96.70588, 
0.0149383545, 0.1351471, 0.18154907, 96.907295, ,,,,29.901123, 12.593079, 9.561157, 96.907295, 
-0.06448364, 0.3940735, 0.26350403, 97.10871, ,,,,30.706787, 9.753418, 10.183716, 97.10871, 
0.27885437, 0.9269562, 0.6496124, 97.31013, ,,,,29.399109, 7.0632935, 16.89148, 97.31013, 
0.059814453, 0.3187561, 0.21559143, 97.51154, ,,,,28.994751, 4.295349, 20.559692, 97.51154, 
-0.22468567, -0.16383362, -0.24775696, 97.71296, ,,,,29.164124, 4.0786743, 19.66095, 97.71296, 
0.12528992, -0.03503418, -0.26800537, 97.914375, ,,,,28.225708, 6.225586, 19.334412, 97.914375, 
0.3637085, -0.09425354, -0.36169434, 98.11579, ,,,,27.119446, 10.069275, 18.782043, 98.11579, 
0.11679077, -0.0640564, -0.12136841, 98.31721, ,,,,27.73285, 12.666321, 16.65802, 98.31721, 
0.15475464, -0.5262604, 0.13822937, 98.51862, ,,,,30.220032, 10.681152, 15.70282, 98.51862, 
-0.098861694, -0.5213928, -0.1280365, 98.72004, ,,,,30.20935, 10.998535, 11.604309, 98.72004, 
-0.11450195, -0.15429688, 0.082733154, 98.921455, ,,,,32.08008, 12.089539, 10.702515, 98.921455, 
0.27734375, -0.030441284, -0.4397583, 99.12287, ,,,,29.989624, 15.499878, 8.288574, 99.12287, 
0.08843994, 0.43969727, 0.20007324, 99.32429, ,,,,29.598999, 16.513062, 10.148621, 99.32429, 
0.07725525, 0.13641357, -0.05822754, 99.5257, ,,,,30.06897, 15.777588, 11.354065, 99.5257, 
0.43670654, -0.43875122, -0.42149353, 99.72712, ,,,,28.35083, 18.089294, 8.0078125, 99.72712, 
0.325531, -0.32580566, -0.41984558, 99.928535, ,,,,26.046753, 20.803833, 2.8823853, 99.928535, 
0.084503174, -0.06341553, -0.032043457, 100.12995, ,,,,27.294922, 22.453308, 1.197815, 100.12995, 
-0.06980896, 0.029266357, 0.09793091, 100.33137, ,,,,27.723694, 20.55664, 1.9058228, 100.33137, 
-0.0022888184, 0.030700684, 0.057632446, 100.53278, ,,,,27.052307, 21.809387, 1.9058228, 100.53278, 
0.010925293, 0.05418396, 0.102890015, 100.7342, ,,,,27.670288, 21.295166, 3.0166626, 100.7342, 
0.06652832, 0.09489441, 0.057678223, 100.935616, ,,,,27.856445, 19.26117, 2.6885986, 100.935616, 
-0.045776367, 0.012237549, 0.03488159, 101.13703, ,,,,27.723694, 20.469666, 4.512024, 101.13703, 
-0.03994751, -0.036117554, -0.051834106, 101.33845, ,,,,27.227783, 19.630432, 4.008484, 101.33845, 
-0.007888794, -6.1035156E-5, -0.04748535, 101.53986, ,,,,28.393555, 20.469666, 3.8604736, 101.53986, 
-0.037368774, 0.010787964, -0.021072388, 101.74128, ,,,,27.386475, 21.307373, 2.557373, 101.74128, 
-0.06758118, -0.0043029785, 0.066833496, 101.942696, ,,,,27.359009, 20.439148, 3.7704468, 101.942696, 
-0.056854248, 7.4768066E-4, 0.03186035, 102.14411, ,,,,26.550293, 20.301819, 4.675293, 102.14411,